Problem Size,Direct,Vector,Indirect
8388608,763.920226,517.527793,674.867900
16777216,904.578422,822.211027,965.817512
33554432,877.331799,906.509037,925.282153
67108864,563.315180,571.971669,931.666421
134217728,412.991603,465.476176,602.941210
268435456,386.069196,400.202544,406.090333