Problem Size,Direct,Vector,Indirect
8388608,0.946707,1.225593,0.935938
16777216,0.946762,0.921096,0.977994
33554432,0.947855,0.934179,0.922447
67108864,0.924250,0.840757,1.120248
134217728,0.947241,0.947480,1.717731
268435456,1.326032,0.998563,1.833259

