Problem Size,Direct,Vector,Indirect
8388608,1.309037,1.932263,1.481771
16777216,1.105487,1.216233,1.035392
33554432,1.139820,1.103133,1.080751
67108864,1.775205,1.748338,1.073346
134217728,2.421357,2.148338,1.658536
268435456,2.590209,2.498735,2.462506