Problem Size,Direct,Vector,Indirect
8388608,674.271200,1053.845226,1054.242554
16777216,897.753425,1135.360087,1054.110078
33554432,802.161893,1132.142250,989.893855
67108864,639.113778,1031.095706,997.782628
134217728,449.229776,567.176275,1054.350215
268435456,520.195524,408.310945,467.821408
