Problem Size,Direct,Vector,Indirect
8388608,1.078834,1.686152,1.686788
16777216,1.436405,1.816576,1.686576
33554432,1.283459,1.811428,1.583830
67108864,1.022582,1.649753,1.596452
134217728,0.718768,0.907482,1.686960
268435456,0.832313,0.653298,0.748514
