Problem Size,Direct,Vector,Indirect
8388608,1.483083,0.948906,0.948548
16777216,1.113892,0.880778,0.948668
33554432,1.246631,0.883281,1.010209
67108864,1.564667,0.969842,1.002222
134217728,2.226032,1.763120,0.948451
268435456,1.922354,2.449114,2.137568
